Round,Mean,Std
1,0.9999939658566788,6.635385220604782e-07
2,0.9999881376180492,1.2255175068287611e-06
3,0.9999831950040751,1.292514319972938e-06
4,0.9999780523702866,3.256138766417724e-06
5,0.9999732577948443,4.31619860031816e-06
6,0.9999664317137039,7.989990037125202e-06
7,0.999955667412963,1.20617516327546e-05
8,0.999944384447525,1.5081375698599081e-05
9,0.9999308300049823,1.7064729308240106e-05
10,0.9999182580196365,2.0937885902846347e-05
11,0.9999039569688126,2.5431392876590037e-05
12,0.999888811350005,3.0621585459172506e-05
13,0.9998729952728059,3.557394407675633e-05
14,0.999855666013184,4.220113434855796e-05
15,0.9998337268627795,5.094462142213303e-05
16,0.9998098339390371,5.632372723096893e-05
17,0.9997889340809069,6.225371456512888e-05
18,0.9997662901884248,7.193316256621546e-05
19,0.9997411242680521,8.452517057657552e-05
20,0.9997123614135018,9.530361484478559e-05
21,0.9996843728152873,0.00010108638182974748
22,0.9996514185332831,0.00011103340966537915
23,0.9996196114574862,0.0001190577916709502
24,0.999586161271677,0.0001254175694927928
25,0.9995518735055182,0.00013527312692031737
26,0.9995282833581032,0.00013810746053820962
27,0.9995050484477348,0.00014075279563292726
28,0.9994748087834525,0.00015329016530714768
29,0.9994446238850401,0.00016203391880199465
30,0.9994156742164881,0.0001731133178000269
31,0.9993850133408293,0.00018250591881480575
32,0.9993503309677007,0.00019459089301771196
33,0.9993156385798982,0.00020875251771779147
34,0.9992785981798761,0.00022261724623280938
35,0.9992413980944201,0.0002394091287689282
36,0.999202207223731,0.0002529159755857444
37,0.9991571919180151,0.0002730456159938939
38,0.9991105576249033,0.0002904321803462421
39,0.9990674806518349,0.000312916541690725
40,0.9990194599750456,0.00032780294762424766
41,0.9989708478624726,0.0003436780605854833
42,0.9989236817447701,0.00036049566911541147
43,0.9988700445510558,0.0003858250336213167
44,0.9988160173043426,0.00040725701457125393
45,0.9987643107259032,0.00042477220971041637
46,0.9986998215236411,0.00045074495063779027
47,0.998635335187215,0.00047955268088855393
48,0.9985726765851975,0.0005063889707067704
49,0.9985065841726435,0.0005330754629957147
50,0.998435615565041,0.0005616973007985327
51,0.9984080717098376,0.0005586654516813156
52,0.9983672419440099,0.0005496432028024167
53,0.9983328537815337,0.0005440929408751046
54,0.9982992089583748,0.0005504384892764505
55,0.9982672595100383,0.0005522514864615225
56,0.9982313957315089,0.0005563822075916275
57,0.99818677286864,0.000568950844588545
58,0.9981528912279616,0.0005702196404543084
59,0.9981097269201509,0.00059102755684932
60,0.9980706092423658,0.0006043049705880478
61,0.9980372518854169,0.0006298514681345075
62,0.9979950278601152,0.00064647169955485
63,0.9979500948184541,0.0006717370634927799
64,0.9978991592504827,0.0007055087904721129
65,0.9978510325002159,0.0007310067723923656
66,0.9978033055336557,0.0007494759188383764
67,0.997755258122994,0.0007859802991497242
68,0.9976980223842487,0.0008109002024985701
69,0.9976397253025746,0.0008499502223802912
70,0.9975770920038091,0.0008889415566359871
71,0.9975168303385942,0.000919250410607133
72,0.9974551622155392,0.0009582847861087488
73,0.9973855362471703,0.0009995421467723288
74,0.9973241624785082,0.0010301119164853251
75,0.9972646787501009,0.0010648973244147069
76,0.9972528286598935,0.0010334760334393008
77,0.9972394624244145,0.0010033575994708277
78,0.9972292864108946,0.0009738092970871461
79,0.9972190605874778,0.0009480485933525914
80,0.9972041524266151,0.0009195009572521011
81,0.9971845610159329,0.0008887219927905935
82,0.9971665913385971,0.0008638852114752146
83,0.9971469731791391,0.000843901191466285
84,0.9971192859810689,0.0008229094272827355
85,0.9970955205766551,0.0008068821877938364
86,0.9970735631212062,0.0007979060126232694
87,0.9970523173727001,0.0007899388639510542
88,0.9970282215499531,0.0007855774150555922
89,0.996993373607015,0.0007837991813435715
90,0.9969610439896568,0.0007884182295829711
91,0.9969273126221674,0.0007934107244341243
92,0.9968954150281364,0.0008024326073235379
93,0.9968618141332624,0.0008147420505304582
94,0.9968214157499966,0.0008401307220101633
95,0.9967831613421065,0.0008638036357485257
96,0.996742490927279,0.0008916502279544482
97,0.9966996755225546,0.0009178242960841315
98,0.9966592054177316,0.0009400149938331592
99,0.996616561166,0.0009653480360263945
100,0.9965660377122777,0.0009978635078872393
101,0.9965255970953111,0.0009825178707468763
102,0.9964832319371573,0.0009635395576036347
103,0.9964487278946352,0.000948283760057996
104,0.9964070478651363,0.0009458685816801475
105,0.9963738625306175,0.0009385835842227024
106,0.9963297923475892,0.0009419639348112745
107,0.9962850153103112,0.0009471187407090446
108,0.9962368668581087,0.0009533460760628158
109,0.9961826584438194,0.0009641742475305971
110,0.9961308053869867,0.0009729255290558117
111,0.9960787035621312,0.0009846589997536588
112,0.9960280849589289,0.00099858083069361
113,0.9959786688587838,0.0010040490248273332
114,0.9959265047212378,0.0010148075955671546
115,0.9958563541344946,0.0010364397757105846
116,0.9958051120737167,0.0010608756659222787
117,0.9957514262624997,0.0010832742729439241
118,0.9956824538883364,0.0011152216918204414
119,0.9956224276007924,0.001131778114615654
120,0.9955547208062103,0.0011615491015987698
121,0.9954846237371175,0.0011899323386061875
122,0.9954115482578303,0.0012294948565122533
123,0.9953455056541509,0.0012592622484272815
124,0.9952763421836467,0.0012956044771206337
125,0.9951928455455674,0.0013344277005213625
126,0.9951597612527845,0.0013129552599827213
127,0.9951265624886171,0.0013083338337810618
128,0.9950874809787077,0.0013065882917441464
129,0.9950492602101859,0.00129558865394539
130,0.9950115010957046,0.0012877887907307105
131,0.994968715696581,0.001284170853812604
132,0.9949280712129598,0.0012760238890491015
133,0.9948747029059095,0.0012798602872052902
134,0.9948269092269639,0.0013053155762858466
135,0.994769385170952,0.001330094548907344
136,0.9947222123565183,0.0013436720223907283
137,0.9946789054575371,0.0013637076405202783
138,0.9946260904345434,0.0013857261739188276
139,0.9945660553070098,0.0014159277801348955
140,0.9945041712911162,0.0014380591170075193
141,0.9944458238600051,0.0014602619228053565
142,0.9943791136002076,0.00149924404840897
143,0.9943105877874915,0.0015470646874566497
144,0.9942357808651195,0.001592671897870601
145,0.9941725399460962,0.0016426205967596775
146,0.9941114562378364,0.00167652039021363
147,0.9940508366154385,0.001715652225296322
148,0.9939782520267437,0.0017609014777573788
149,0.993902646401866,0.0018221752175400195
150,0.9938249306044735,0.001874759909839846
151,0.9937759221311218,0.001867940183806669
152,0.9937202120437265,0.0018660907278808523
153,0.9936498700113331,0.0018652343926844645
154,0.993571060484005,0.0018590748755075899
155,0.9934905531138705,0.0018471744366491303
156,0.9934099930365093,0.001844418074654599
157,0.9933403105688529,0.0018401441137103427
158,0.9932705367135446,0.0018562347518493137
159,0.9931782568521884,0.0018737018862714646
160,0.9930977558036688,0.001874814158472528
161,0.9930065217227668,0.00187903138725726
162,0.9929181035427647,0.0018998786510748397
163,0.9928358946456332,0.0019195721377633869
164,0.9927394158192799,0.0019365726403703849
165,0.9926472072011648,0.001957227585110327
166,0.9925552678145515,0.001975090650765071
167,0.9924637292995783,0.0019980837244938563
168,0.9923568925085856,0.002046054110695603
169,0.9922438819372532,0.002055470025086773
170,0.9921527429435629,0.0020869372218267476
171,0.9920345112399014,0.0021259877322667227
172,0.9919155159795316,0.0021639931695950462
173,0.9918112514769467,0.0021996841639955883
174,0.9916938054672297,0.0022357950976127877
175,0.9915753934600033,0.002273755242166235
176,0.9915382757097749,0.002252785639474132
177,0.9914917052608303,0.0022262070197567358
178,0.9914335075031637,0.0022068583171413934
179,0.9913761565601822,0.002198457169915182
180,0.9913192641952578,0.0021964197017083948
181,0.9912605308987171,0.002202302194034253
182,0.9912054306697208,0.0021854898735418414
183,0.9911431599816687,0.0021804241782719686
184,0.9910773148293298,0.002179375969046929
185,0.9910155333243675,0.0021654442097950237
186,0.9909454732986346,0.0021875200175555643
187,0.990858843013382,0.0021958580793358844
188,0.9907700361919034,0.0022199707798114397
189,0.9907007995186833,0.002233009318190692
190,0.9906285955051869,0.0022579085396057575
191,0.9905475429040413,0.0022769838608040767
192,0.9904596969508865,0.0023028958089088064
193,0.9903794912457455,0.0023505938779402914
194,0.9903009079460873,0.0023756699118188443
195,0.9902111262068491,0.0024224394068291417
196,0.9901147532347665,0.0024710596666387545
197,0.9900069306355356,0.0025156847966894035
198,0.9899244873565692,0.0025385999059907684
199,0.9898154113593632,0.0025990593750314264
200,0.9897187479400221,0.002648999717755483
201,0.9897000385522178,0.002619457850492873
202,0.9896787132410783,0.0025875980178650068
203,0.9896610711213544,0.0025474106133970883
204,0.9896392210431326,0.0025140759968335573
205,0.9896246022737432,0.002490401957205613
206,0.9895968122712002,0.002477894178677265
207,0.989573130115746,0.002448517337912937
208,0.9895430417101407,0.002431059451295341
209,0.9895137854970317,0.002429041134979831
210,0.989465406215715,0.0024255725429575986
211,0.9894385616455805,0.0024461233617861095
212,0.9894011658552433,0.002444445061511114
213,0.9893513830450644,0.0024519009446782748
214,0.98931008102572,0.0024910006118300646
215,0.9892619609680382,0.002519352724059856
216,0.9892149571968327,0.002535319189636424
217,0.9891509186111358,0.002583629664566603
218,0.9891001739770541,0.0026056953103180606
219,0.9890239818399346,0.002648886596521852
220,0.9889752238118616,0.0026823467728381216
221,0.9889295117601666,0.002720113621664694
222,0.988873532749896,0.002744527099401933
223,0.9888101859716822,0.0027839885420728283
224,0.9887497813560288,0.002842275251755691
225,0.9886815847413658,0.002905839863964997
226,0.9886678368973904,0.0028577156848118603
227,0.988649186028806,0.0027985205872310087
228,0.9886308859423328,0.0027485279850151863
229,0.9886101106772294,0.0027080409517974773
230,0.9885742341680988,0.0026770881518269774
231,0.9885444235405261,0.0026475411104674323
232,0.9884961571481483,0.0026109741734381916
233,0.9884546559790595,0.002593915112904041
234,0.9884202370221719,0.002574887962294027
235,0.9883771007866711,0.0025555129001527325
236,0.9883441474314985,0.0025514465999817064
237,0.9883010246120898,0.0025517528784218422
238,0.9882684715172291,0.0025554885812305523
239,0.9882239010020036,0.002566608358800761
240,0.9881549151534921,0.002585149968225882
241,0.9881288334339114,0.0026129656620645036
242,0.9880774726333238,0.0026477969865446307
243,0.9880154886522767,0.0026825723716730403
244,0.9879491235444272,0.0027179053691609553
245,0.9878813115949736,0.002755141667675902
246,0.9878322787468058,0.0027993540722022797
247,0.9877518090528266,0.0028653551418657925
248,0.987687286510868,0.0029282996637988766
249,0.9876152776296369,0.0029907049512335566
250,0.9875433421142568,0.0030481159391900344
251,0.9875504552690696,0.0030209324638050335
252,0.987561616863631,0.002984518461243707
253,0.9875538934279564,0.0029357672566092266
254,0.9875433601323351,0.0029054823267097474
255,0.9875519928042171,0.002891466443424023
256,0.9875449711617765,0.00287348999083585
257,0.987526393518235,0.002854756483915132
258,0.987503611809697,0.002848801708736735
259,0.9874812386742269,0.002847782051309443
260,0.9874521149287819,0.0028433006413474482
261,0.9874417873904973,0.0028483295758074422
262,0.9874074166203375,0.002855013377914044
263,0.9873594932690348,0.0028652492535689686
264,0.9873164810210909,0.0028927248220573763
265,0.9872616108590601,0.002934017053106708
266,0.9872384817882635,0.0029665166973973332
267,0.9872067249399367,0.0030133017084230294
268,0.9871676063842504,0.0030498849364501215
269,0.9871106422474039,0.003092983445383152
270,0.987050110276113,0.0031580218441513105
271,0.9869952663458079,0.0032144499467393105
272,0.986930996521236,0.003291044543121858
273,0.9868798542382795,0.0033384904069832274
274,0.9868256176805421,0.003379278190294613
275,0.986756187605881,0.0034663261652609833
276,0.9867767201935604,0.003430555265292951
277,0.9867796466692773,0.0033951241493119177
278,0.9868245523470496,0.003372666191654235
279,0.9868233775423972,0.0033435771300027502
280,0.9868291656020152,0.0033324279993090463
281,0.9868266140140056,0.003315414925487985
282,0.9868267614903165,0.0032954482566149262
283,0.9868230247481666,0.0032921942150629406
284,0.9868151737440364,0.0032857745165885597
285,0.98682076524662,0.003297665054995844
286,0.986795321140551,0.0033261051187753253
287,0.986771739996877,0.0033485151512917346
288,0.9867428260748381,0.0033714784619231267
289,0.9867102093105325,0.0034054214517675245
290,0.9866901371949792,0.00344196436896961
291,0.9866553784833212,0.0035062644820589997
292,0.9866121835181983,0.003563726623837126
293,0.9865719446685668,0.0036190044839457445
294,0.9865416039416737,0.0036625119094465756
295,0.9865105154375857,0.0036867453366848687
296,0.986463103129059,0.0037440143167207346
297,0.9864244182690067,0.0038126981359284987
298,0.9863745866495515,0.003886735900182395
299,0.9863002024472445,0.003983646348355996
300,0.9862408963331072,0.0040710853669038575
301,0.9862253218472972,0.003990046851412691
302,0.9862154802021333,0.003920069025101327
303,0.9861744298970023,0.003843084005379163
304,0.9861085676177366,0.003774932171862734
305,0.9860583946851994,0.0037100296161321484
306,0.9859771199474441,0.003623800534862421
307,0.9859369237028908,0.0035615302385402225
308,0.9858725699963626,0.003500529570187605
309,0.985811879381356,0.0034592332872808154
310,0.9857433784676658,0.0034239516567666803
311,0.9856615903658079,0.0034112207630598093
312,0.9855633721038339,0.0033995470950516455
313,0.9854624118374888,0.0033971305659244006
314,0.9853654629510962,0.003379322773020542
315,0.9852549319142264,0.0033648023078501036
316,0.985164393143237,0.00337762253211481
317,0.9850560849427781,0.003359656079460282
318,0.98493344512286,0.00334693883140799
319,0.9848154568119776,0.0033401299866191777
320,0.9846830196891119,0.003347489260997284
321,0.9845707612801038,0.0033676518638478025
322,0.9844638912251359,0.0034077316055683322
323,0.984300573963192,0.0034471812391037304
324,0.9841793557395823,0.0034871276035109704
325,0.9840087786449491,0.003554527766677921
326,0.9839967187931622,0.0035273657365201172
327,0.9839624841241219,0.003513750542583295
328,0.983930975586744,0.003500399563868954
329,0.9838935842107563,0.0035014865271111866
330,0.9838728389184604,0.0034812379635722917
331,0.9838177124695534,0.0034861293157415437
332,0.9837564631291202,0.003499196051097645
333,0.9837076544612791,0.003486270055395887
334,0.9836228949283299,0.0035114584450828337
335,0.9835477782439501,0.003558227309034533
336,0.9834848221357845,0.0035895788846312666
337,0.9834409923573745,0.0035944969357961007
338,0.9833792323761317,0.00363371652382068
339,0.9832740623905651,0.003681287872083415
340,0.9831728731280588,0.0037502623134084987
341,0.9830549339326993,0.0038128180826703514
342,0.9829465399880226,0.0038836787364284813
343,0.9828371162460334,0.003937245502130017
344,0.9827320010750386,0.0040361390729606785
345,0.9826206618258008,0.004102710063592503
346,0.9825055509459208,0.004185057241792379
347,0.9823749492702687,0.00427366389185072
348,0.9822224335098978,0.004370583563149977
349,0.9820810097031029,0.004465005029744997
350,0.9819489696853468,0.00456495361495522
351,0.9820224262024618,0.0045262561343986304
352,0.9820867718765202,0.0044880637123349085
353,0.9821469447779545,0.004457637452648964
354,0.9821894372450879,0.004425425561070627
355,0.9822251408458774,0.004388736709690193
356,0.9822632449026395,0.004337503422043475
357,0.9822721599828015,0.004295063423506704
358,0.9823040954642421,0.004272107969093969
359,0.9823060113345115,0.004235779785900998
360,0.9822965457791067,0.004218526499441462
361,0.9823288366943237,0.004191323724936613
362,0.9823667366629512,0.004193692193121696
363,0.9823640692429955,0.0041852730754251555
364,0.9823613998373297,0.004187876574789732
365,0.9823482671077141,0.004207907001795255
366,0.9823247190937521,0.004238718182225039
367,0.9823356470679379,0.004270594349799318
368,0.9823158955417599,0.004304839099813212
369,0.9823184564634527,0.004346903968873055
370,0.982296386507272,0.004391539125445128
371,0.9822654509507063,0.004435557027598128
372,0.982210959091667,0.0044989722116674765
373,0.9821816217622731,0.0045816243439443915
374,0.9821525775791604,0.004648509051060694
375,0.9820579512379386,0.004751652832826473
376,0.9820288999548804,0.004638747281715148
377,0.9819654136651765,0.004567253466695567
378,0.981888126023102,0.0044952986323118565
379,0.9818290966525378,0.004414739947631513
380,0.9817890701842069,0.00435348690006461
381,0.9817323033932128,0.004296484795906432
382,0.9816435479880097,0.0042480043859590075
383,0.9815612606321638,0.004193952646560992
384,0.9814540765926789,0.0041254893641155446
385,0.9813234408096582,0.004081500221101238
386,0.9811796127272091,0.00408596199930009
387,0.9810655376601598,0.004063716617705633
388,0.9809239210116913,0.004061825901801977
389,0.9808036156193388,0.0040623548643603955
390,0.9806853073725801,0.004103204491056982
391,0.9805421241870483,0.004121067982297177
392,0.9804078101489087,0.00415903343254745
393,0.9802451996547278,0.004221946012898071
394,0.9800636022583278,0.004249319329918611
395,0.9798978141776514,0.004338987482341661
396,0.9797334611738272,0.004413333303965683
397,0.9795621154319161,0.0044904916515335356
398,0.9793658408978135,0.004551094706655363
399,0.979133889516687,0.004651727489828339
400,0.9789237686982943,0.00474875833651953
401,0.9788787932446137,0.004710915243522438
402,0.9788078514425193,0.004654790512765903
403,0.9787666532441153,0.0046276453124750126
404,0.9787359814670854,0.004570098877554105
405,0.9786586210659847,0.004572296614429906
406,0.9786185051232856,0.004518880865125386
407,0.9785834361673205,0.00448710121630024
408,0.9784766319812436,0.004470055832158163
409,0.9783998405198868,0.004434695912837493
410,0.9782817958120111,0.0043972025736141
411,0.978196602437011,0.004324228900959705
412,0.9781520896484517,0.004288064698509705
413,0.9780431198072751,0.004272961794860583
414,0.977932962217461,0.0042285825352398766
415,0.9777846264587042,0.004225258159006308
416,0.977647006428721,0.004206276513328518
417,0.9775081469020666,0.004167487930852133
418,0.9773748558340053,0.004190282231863847
419,0.9771983181416752,0.004241948851137561
420,0.9770180400982275,0.004280325827627452
421,0.9768465862444818,0.0043101695173647855
422,0.9766027670171082,0.004429854220190993
423,0.9763976734708508,0.00452240194337333
424,0.9762214479198363,0.0046037345118230205
425,0.9760147243656405,0.004714134437692777
426,0.9759995168689951,0.004683900467973347
427,0.9759713367728514,0.004654634020936032
428,0.9759417817757875,0.004659733888962427
429,0.9759098987005924,0.0046206513495511674
430,0.9758376078898069,0.004540165656476258
431,0.9757916142544646,0.00452543996011364
432,0.9757121136145044,0.004510459433816828
433,0.9756156962933089,0.004507172552509527
434,0.9755166397591921,0.004536489004749808
435,0.9754436760552109,0.004565150997670341
436,0.9753396616158987,0.004591149223271237
437,0.9752471313036839,0.004624607897764754
438,0.975139459917021,0.004704960524547618
439,0.9749865063327153,0.004776103779036212
440,0.9748864271983448,0.004834855516873326
441,0.9747603732215951,0.004914682577435358
442,0.974604611071659,0.005001139489799634
443,0.9744450871803677,0.005071196138739175
444,0.9742821511476292,0.005181186486518273
445,0.9741113770229204,0.005316776534253003
446,0.9739131668422887,0.005495622302269438
447,0.9736640464560274,0.005664465088098098
448,0.9734286693610035,0.0058650042974764775
449,0.9732064907694659,0.006027599163358429
450,0.9729873836580832,0.006196493978811074
451,0.9730709335562209,0.006121853372569997
452,0.9731227638753974,0.006106034648262575
453,0.9731577096293961,0.0060547839893722024
454,0.9732197414183693,0.006057718941275525
455,0.9732597390189055,0.006028808727126458
456,0.9732953724810074,0.005986041176957683
457,0.9733151423649649,0.006001976165235589
458,0.9733045267720455,0.00598194281294861
459,0.9733268681285316,0.005975729654454892
460,0.9732780162795036,0.005981889766700909
461,0.9732220036327843,0.006039678957582282
462,0.9731778088723964,0.005999863050148517
463,0.9731109569268135,0.006008848526493349
464,0.972980672850426,0.006052246412269338
465,0.9729161708756813,0.006166158330143847
466,0.9728669221047737,0.00623802382604448
467,0.9727659746827573,0.006296714957044133
468,0.9726835022654182,0.006382350680401959
469,0.972558407131161,0.006449925213144968
470,0.9723956903763208,0.006516268677925932
471,0.972233943644412,0.006632606165405584
472,0.9720661380151151,0.006791723922785838
473,0.971937703095241,0.006897137947834507
474,0.9716993622944153,0.007003380687998738
475,0.9714459838993603,0.007080618412866495
476,0.9714118322576384,0.007060625145762659
477,0.9713881688484547,0.007051645999864152
478,0.9712969078713156,0.007031269671563975
479,0.9711981164540461,0.007055122125725093
480,0.9710866405985412,0.007094265451730532
481,0.970919785559855,0.007117397540276041
482,0.970781601306488,0.007123907963262294
483,0.9706457534781124,0.00718356293353582
484,0.9705106293525769,0.0072002800652131126
485,0.9703745840767978,0.007213456641367525
486,0.9702181198709635,0.007287181980459632
487,0.9700293775698677,0.007327144130545071
488,0.9699088585633004,0.0073673441605808625
489,0.9697247439537235,0.0074463502651624875
490,0.9694299992276669,0.007567962064058383
491,0.9692172951249454,0.007572660130234898
492,0.9689691043497971,0.007599639370066163
493,0.9687317512347235,0.007694500042768688
494,0.9684946807167867,0.007813077905850972
495,0.9682313493246515,0.007955434231082964
496,0.9679565033140056,0.008086011569825188
497,0.9677007063881927,0.008217068363190427
498,0.9673815453214234,0.008352412753731282
499,0.9670399996329266,0.008517804724524788
500,0.966712905658665,0.00867271391544726
501,0.9667435998352065,0.008722861634149993
502,0.9667250810748627,0.008697340700076004
503,0.9665726184729092,0.008746902007400829
504,0.9665543289915982,0.00879414109158754
505,0.9665518545416247,0.008820566183382067
506,0.9664187154673659,0.008889913228910815
507,0.9662085088636928,0.00896857662323529
508,0.9660675607188987,0.009028030528406734
509,0.9659155553072887,0.009135775424268912
510,0.965708973746852,0.009312835738285632
511,0.9655531755553103,0.009442504539613485
512,0.9653976500065893,0.009575316845355494
513,0.9651662954675835,0.00967488502634848
514,0.9649432954361107,0.009822465973583851
515,0.9647790805438923,0.009981705411171595
516,0.9645541006421519,0.010234476330684347
517,0.9643632824541737,0.010410899903197981
518,0.9640492041483893,0.010619160215416309
519,0.9638547498634423,0.010712471279191666
520,0.9636148654447764,0.010902331973683458
521,0.963278886622349,0.011145141954410711
522,0.9629025844952978,0.011337997427449136
523,0.9625373772513027,0.01150596649606285
524,0.9622513698973212,0.011713332308987618
525,0.9619763304539056,0.01184831417585782
526,0.9619676071140633,0.011760869777252481
527,0.9619805144582981,0.011690237580642658
528,0.9619782295827377,0.011647325074760217
529,0.9619256308803761,0.01164865050224482
530,0.9618286838308803,0.011560444884599527
531,0.961723880499249,0.01160401902008804
532,0.9616067417473092,0.011594778096301757
533,0.9614657277324279,0.01151264462538966
534,0.9612292867474039,0.011508546100107523
535,0.9609553273910982,0.011559078914293431
536,0.9608217479008989,0.011521558914498499
537,0.9605836013499454,0.01150526528141723
538,0.9603492979279062,0.011508095785667034
539,0.9600885571714928,0.011622465121268504
540,0.959723241320223,0.011657564359421243
541,0.9594159001770229,0.01167926185125822
542,0.9590656738443286,0.011766276239778871
543,0.9586434623902097,0.011932095871927102
544,0.958259039814199,0.012042710674185138
545,0.957787069280835,0.012192570303266629
546,0.9572601909447016,0.012413775475098697
547,0.9567118936534682,0.012619526578116758
548,0.9561495226731231,0.012951100151008952
549,0.9555446467002193,0.01326009221699285
550,0.9549051143384008,0.013499768645115835
551,0.9548436912855843,0.013515280556777521
552,0.9547088373105455,0.013429701141628315
553,0.9546099027476764,0.013370598838758161
554,0.9544727030073457,0.013361788752281547
555,0.9543813557395169,0.013375244987662379
556,0.9542751786047674,0.013327214105856577
557,0.9540648992287428,0.013317125009067426
558,0.953715609016947,0.013292936282237548
559,0.9533317373926271,0.013175656363544666
560,0.9528618984359728,0.013201002170252349
561,0.9524237161158453,0.013182141550279627
562,0.9520721826054495,0.013194086388940169
563,0.952017562914943,0.013716381037202324
564,0.9515716756142618,0.013831674549853496
565,0.9511915231875288,0.013970197361509373
566,0.9507815664647163,0.01420084853131909
567,0.9502463223430935,0.014283417301595132
568,0.9498484913917384,0.01449580876262714
569,0.9494174473847714,0.014674503337737864
570,0.9488561032854237,0.014953561676063178
571,0.9482413757113923,0.015159290798633556
572,0.9475831925201224,0.015270010535120804
573,0.9470578405139607,0.01536809844030944
574,0.9464248642057769,0.015586872819716137
575,0.9457852941942356,0.015752062162259474
576,0.9454035002566326,0.01576647960196227
577,0.9449822387954809,0.015697559626139772
578,0.9444636432676532,0.015685606271239435
579,0.944398622821133,0.01567518451010897
580,0.9438617937248746,0.01568929593350533
581,0.9433359690131123,0.0158348799466869
582,0.9426609801099923,0.01596368875979131
583,0.9418276771184211,0.016154429171425375
584,0.9410713987634477,0.016310560602134642
585,0.9404439425705059,0.016451138998818445
586,0.9393573389488414,0.01678377188273578
587,0.9384329251213963,0.01698919757651573
588,0.937501717723852,0.017135305178753942
589,0.9366168171514107,0.017429765282116347
590,0.9356902052645226,0.017773002319165305
591,0.9345350126805837,0.01820170357112712
592,0.9340967025191272,0.019491711848844382
593,0.9328809484644379,0.019973753789258794
594,0.9317275526734777,0.0205705425054923
595,0.9302701206433268,0.02102468169812148
596,0.928924485117075,0.02150590703796791
597,0.9273702103928232,0.022396234494989956
598,0.9258109754505183,0.023128544912380932
599,0.9242869463906235,0.023828619171054003
600,0.9224779533931116,0.02460410329178392
601,0.92202762779147,0.02472754697625469
602,0.9217386343559614,0.024826441140223983
603,0.9211486299398164,0.02520880063139353
604,0.920986434793598,0.025467130559929437
605,0.9207603249432182,0.02539560091156186
606,0.9204159806340204,0.024179308984396446
607,0.9193618495894184,0.024171677569530235
608,0.9183825107986218,0.02427443439770009
609,0.9179060772605906,0.024604494902076897
610,0.9169818104086154,0.024531964092309563
611,0.9160201191818143,0.02464855275230116
612,0.9146256256825543,0.024576812258308454
613,0.9136516956750331,0.02444513184769438
614,0.9126540853980154,0.024562648652624912
615,0.9118610355537111,0.024867618703274134
616,0.9109485120679812,0.02545076953976259
617,0.9100866454483112,0.025525745609466407
618,0.9083887960500425,0.025436784664870194
619,0.906655566766905,0.02546828924099968
620,0.905010128217149,0.025758149612804124
621,0.9029400599628886,0.025982028802674122
622,0.9008137331295767,0.026146249443516886
623,0.8989620906452677,0.025568178431578513
624,0.8967920262562735,0.024930914476093084
625,0.8961684178822293,0.024415326526241333
626,0.8956818279365087,0.024709108394332473
627,0.8946395281753396,0.02495728201859943
628,0.8934382572087843,0.02523395433598036
629,0.8924740249822062,0.025210796640307225
630,0.8926847523950245,0.02381399275539047
631,0.8922502882260412,0.024524178004044276
632,0.8905788783468624,0.025014480918909798
633,0.8890824570266803,0.025808891938867453
634,0.8885308628272158,0.02510727285171278
635,0.8868257431091446,0.02577905327844571
636,0.8851036262233716,0.026891084585628087
637,0.8853166796743615,0.0250052771067902
638,0.8832634975083534,0.02566255879067582
639,0.8823576226272956,0.025804829020073392
640,0.879765638917451,0.026793408168866745
641,0.8779108169313444,0.028733376594624122
642,0.8762389795770691,0.030267125677618367
643,0.8748702153948835,0.03115020097068344
644,0.8733153525241095,0.032445380718956945
645,0.8710030515108953,0.032647732088297236
646,0.8690048932716261,0.03335171680431066
647,0.8683107790991131,0.03403909800403881
648,0.8661952152912763,0.034419161268218805
649,0.8633261684615133,0.03487997715801301
650,0.8615790569097804,0.03386053215485358
651,0.8618450837300544,0.03195854018988616
652,0.860628049740124,0.030752780007775662
653,0.8609947501801256,0.02878201577209604
654,0.8614902783592541,0.030059959871455683
655,0.860155050595462,0.030527565711389103
656,0.8598480663063317,0.029737878060245953
657,0.8604644263822729,0.028982811180010688
658,0.8620602747569837,0.026431956569678033
659,0.8612291720119061,0.025690997229513242
660,0.8597052588793821,0.025352145557798796
661,0.8568546416330879,0.026098664968722922
662,0.8542839951031251,0.025943692591020705
663,0.8536605086576886,0.026828755503027626
664,0.8530353943753634,0.028308781455828012
665,0.8488552525374274,0.029071327397755378
666,0.8444316713720997,0.030857404679086185
667,0.8402794670934808,0.032435610779325906
668,0.8386073649691885,0.03652800106193013
669,0.8364166646827267,0.037069197053263114
670,0.8338969017198474,0.03821355425234274
671,0.8306508516009254,0.041170447236608725
672,0.8267984934286652,0.04442922594757472
673,0.8233838008054251,0.04523819135321094
674,0.817549531539519,0.050591541837499
675,0.813538325232534,0.05544526632317896
676,0.8130888932508983,0.05321725734256822
677,0.8110332964096705,0.05218430473775855
678,0.809616358613318,0.04977981038445679
679,0.8077968304309413,0.05309787469165353
680,0.8021900860743827,0.060103849864430216
681,0.7986432347601256,0.061901337035037425
682,0.7967909800564816,0.05584739145217447
683,0.7905499988759652,0.05813924172770482
684,0.7841693879364016,0.06454634188605061
685,0.7795425473362768,0.06825179063304093
686,0.7757515830995872,0.06961984726584484
687,0.7687585016784976,0.07892614860834893
688,0.7604422608525687,0.0802856885103253
689,0.7489592042234552,0.09481330008678959
690,0.7491730485823488,0.08635511019908765
691,0.7386517948898402,0.08751096311564119
692,0.7397060175296333,0.0887825452518374
693,0.7381403675769795,0.10860738525956508
694,0.6781515653248811,0.1894117660854344
695,0.7081769134550019,0.10710174323522795
696,0.6968166919710053,0.11431276367255554
697,0.6874879478300522,0.11826231405001132
698,0.6772601806392217,0.12016184937138465
699,0.6642860225939826,0.12748797199098755
700,0.6527271936528166,0.13412558355798768
701,0.6420558877831288,0.1414958747508779
702,0.630967543592494,0.1439898417547038
703,0.6189459164943159,0.14330027346349994
704,0.6038513533729543,0.14955272534979472
705,0.5891316676026683,0.1522190829853296
706,0.5751503081906306,0.1594973131627445
707,0.5719173773066512,0.15606538209869192
708,0.5645055940796243,0.14472569314730085
709,0.5537098012563648,0.1495596553608249
710,0.5445627057382586,0.14739448041361702
711,0.5604643830793901,0.13520818481473593
712,0.5502664955569163,0.1419590048005321
713,0.5464669479006546,0.14898549646701795
714,0.5728196233815427,0.19457270378865407
715,0.5638631977330428,0.1914012869434889
716,0.5633371838335403,0.1936766037606254
717,0.556398556187102,0.21116832706777325
718,0.5093303190460116,0.24380462300949823
719,0.5317836744580968,0.26679676009320796
720,0.563844214551044,0.2241736902116268
721,0.5027361447602049,0.2878383636150911
722,0.48917859343406417,0.3156475697813331
723,0.6237867631140974,0.28226895111667116
724,0.6363644713409656,0.3283416765103132
725,0.5710781113427902,0.3630863005415281
726,0.7484675389590452,0.29322693896173313
727,0.6049925476195076,0.41595825654159474
728,0.7821811070976219,0.3117098269287723
729,0.6844882878174606,0.3784334929862317
730,0.48986641764918887,0.4120384299286941
731,0.7703214465606392,0.2566855622758719
732,0.7649310903950767,0.2575431688639549
733,0.7813021215701349,0.2422734122761833
734,0.7718284395072341,0.24636299378349447
735,0.865278569005105,0.19277610422089703
736,0.8431823889369399,0.18490071632909325
737,0.9567168242068591,0.07932320157053006
738,0.7623649219567178,0.433894522291972
739,0.9513942784627025,0.09721144307459484
740,0.6995711516576404,0.4759758846331473
741,0.9298894874154292,0.12143496994117378
742,0.9264480927907134,0.12739564028007616
743,0.5889226828236868,0.5231842223936861
744,0.8755734954180672,0.17596565029844755
745,0.8656429734012329,0.19000952921609915
746,0.8526555740315933,0.20837648554459912
747,0.8350751940995678,0.23323889727614153
748,0.31025690016619806,0.4387695160348727
749,0.5468706496393972,
750,1.0,
751,1.0,
752,1.0,
753,1.0,
754,1.0,
755,1.0,
756,0.0,
